{
  "mode": "chained",
  "num_chains": 5,
  "eval_budget": 200,
  "num_eval": 50,
  "success_rate": 2.0,
  "mean_planning_ms": 450.53283390198044,
  "effective_hz": 2.219594055641156,
  "num_successes": 1,
  "seed": 42,
  "chainer_timing": {
    "total_ms": {
      "mean": 450.5157697263337,
      "std": 631.2258723418323,
      "p50": 435.46014837920666
    },
    "chain_ms": {
      "mean": 438.08782119161754,
      "std": 631.0758469973592
    },
    "num_chains": 5,
    "effective_hz": 2.2196781271551296,
    "per_chain_mean_ms": [
      97.58002307863181,
      86.44437027322579,
      84.70356699752291,
      84.69011009251344,
      84.6697507497236
    ]
  }
}